{"assets/logo.png":["assets/logo.png"],"assets/logo.svg":["assets/logo.svg"],"assets/logo_macos.png":["assets/logo_macos.png"],"assets/wanted-sans/WantedSans-Black.ttf":["assets/wanted-sans/WantedSans-Black.ttf"],"assets/wanted-sans/WantedSans-Bold.ttf":["assets/wanted-sans/WantedSans-Bold.ttf"],"assets/wanted-sans/WantedSans-ExtraBlack.ttf":["assets/wanted-sans/WantedSans-ExtraBlack.ttf"],"assets/wanted-sans/WantedSans-ExtraBold.ttf":["assets/wanted-sans/WantedSans-ExtraBold.ttf"],"assets/wanted-sans/WantedSans-Medium.ttf":["assets/wanted-sans/WantedSans-Medium.ttf"],"assets/wanted-sans/WantedSans-Regular.ttf":["assets/wanted-sans/WantedSans-Regular.ttf"],"assets/wanted-sans/WantedSans-SemiBold.ttf":["assets/wanted-sans/WantedSans-SemiBold.ttf"],"packages/cupertino_icons/assets/CupertinoIcons.ttf":["packages/cupertino_icons/assets/CupertinoIcons.ttf"],"packages/flutter_chat_ui/assets/2.0x/icon-arrow.png":["packages/flutter_chat_ui/assets/2.0x/icon-arrow.png"],"packages/flutter_chat_ui/assets/2.0x/icon-attachment.png":["packages/flutter_chat_ui/assets/2.0x/icon-attachment.png"],"packages/flutter_chat_ui/assets/2.0x/icon-delivered.png":["packages/flutter_chat_ui/assets/2.0x/icon-delivered.png"],"packages/flutter_chat_ui/assets/2.0x/icon-document.png":["packages/flutter_chat_ui/assets/2.0x/icon-document.png"],"packages/flutter_chat_ui/assets/2.0x/icon-error.png":["packages/flutter_chat_ui/assets/2.0x/icon-error.png"],"packages/flutter_chat_ui/assets/2.0x/icon-seen.png":["packages/flutter_chat_ui/assets/2.0x/icon-seen.png"],"packages/flutter_chat_ui/assets/2.0x/icon-send.png":["packages/flutter_chat_ui/assets/2.0x/icon-send.png"],"packages/flutter_chat_ui/assets/3.0x/icon-arrow.png":["packages/flutter_chat_ui/assets/3.0x/icon-arrow.png"],"packages/flutter_chat_ui/assets/3.0x/icon-attachment.png":["packages/flutter_chat_ui/assets/3.0x/icon-attachment.png"],"packages/flutter_chat_ui/assets/3.0x/icon-delivered.png":["packages/flutter_chat_ui/assets/3.0x/icon-delivered.png"],"packages/flutter_chat_ui/assets/3.0x/icon-document.png":["packages/flutter_chat_ui/assets/3.0x/icon-document.png"],"packages/flutter_chat_ui/assets/3.0x/icon-error.png":["packages/flutter_chat_ui/assets/3.0x/icon-error.png"],"packages/flutter_chat_ui/assets/3.0x/icon-seen.png":["packages/flutter_chat_ui/assets/3.0x/icon-seen.png"],"packages/flutter_chat_ui/assets/3.0x/icon-send.png":["packages/flutter_chat_ui/assets/3.0x/icon-send.png"],"packages/flutter_chat_ui/assets/icon-arrow.png":["packages/flutter_chat_ui/assets/icon-arrow.png","packages/flutter_chat_ui/assets/2.0x/icon-arrow.png","packages/flutter_chat_ui/assets/3.0x/icon-arrow.png"],"packages/flutter_chat_ui/assets/icon-attachment.png":["packages/flutter_chat_ui/assets/icon-attachment.png","packages/flutter_chat_ui/assets/2.0x/icon-attachment.png","packages/flutter_chat_ui/assets/3.0x/icon-attachment.png"],"packages/flutter_chat_ui/assets/icon-delivered.png":["packages/flutter_chat_ui/assets/icon-delivered.png","packages/flutter_chat_ui/assets/2.0x/icon-delivered.png","packages/flutter_chat_ui/assets/3.0x/icon-delivered.png"],"packages/flutter_chat_ui/assets/icon-document.png":["packages/flutter_chat_ui/assets/icon-document.png","packages/flutter_chat_ui/assets/2.0x/icon-document.png","packages/flutter_chat_ui/assets/3.0x/icon-document.png"],"packages/flutter_chat_ui/assets/icon-error.png":["packages/flutter_chat_ui/assets/icon-error.png","packages/flutter_chat_ui/assets/2.0x/icon-error.png","packages/flutter_chat_ui/assets/3.0x/icon-error.png"],"packages/flutter_chat_ui/assets/icon-seen.png":["packages/flutter_chat_ui/assets/icon-seen.png","packages/flutter_chat_ui/assets/2.0x/icon-seen.png","packages/flutter_chat_ui/assets/3.0x/icon-seen.png"],"packages/flutter_chat_ui/assets/icon-send.png":["packages/flutter_chat_ui/assets/icon-send.png","packages/flutter_chat_ui/assets/2.0x/icon-send.png","packages/flutter_chat_ui/assets/3.0x/icon-send.png"],"packages/lucide_icons_flutter/assets/lucide.ttf":["packages/lucide_icons_flutter/assets/lucide.ttf"]}