[{"family":"MaterialIcons","fonts":[{"asset":"fonts/MaterialIcons-Regular.otf"}]},{"family":"Wanted Sans","fonts":[{"weight":400,"asset":"assets/wanted-sans/WantedSans-Regular.ttf"},{"weight":500,"asset":"assets/wanted-sans/WantedSans-Medium.ttf"},{"weight":600,"asset":"assets/wanted-sans/WantedSans-SemiBold.ttf"},{"weight":700,"asset":"assets/wanted-sans/WantedSans-Bold.ttf"},{"weight":800,"asset":"assets/wanted-sans/WantedSans-ExtraBold.ttf"},{"weight":900,"asset":"assets/wanted-sans/WantedSans-Black.ttf"}]},{"family":"packages/cupertino_icons/CupertinoIcons","fonts":[{"asset":"packages/cupertino_icons/assets/CupertinoIcons.ttf"}]},{"family":"packages/lucide_icons_flutter/Lucide","fonts":[{"asset":"packages/lucide_icons_flutter/assets/lucide.ttf"}]}]